idx,params_1,params_2,params_3,params_4,fitness,penalty,val_rmse,gen
0,4.0,195.0,108.0,1.0,6.73158354,0.305,6.42658354,1.0
1,3.0,131.0,125.0,2.0,6.98234429,0.256,6.72634429,1.0
0,4.0,195.0,108.0,1.0,6.73158354,0.305,6.42658354,2.0
1,3.0,195.0,137.0,1.0,6.86436066,0.334,6.53036066,2.0
