idx,params_1,params_2,params_3,params_4,fitness,penalty,val_rmse,gen
0,4.0,195.0,108.0,1.0,7.0366,0.305,6.7316,1.0
1,3.0,131.0,125.0,2.0,7.2383,0.256,6.9822999999999995,1.0
0,4.0,195.0,108.0,1.0,7.0366,0.305,6.7316,2.0
1,3.0,195.0,137.0,1.0,7.1984,0.334,6.864400000000001,2.0
